{
  "features": [
    "fixture_score",
    "form_score_xg",
    "form_score_pts",
    "nailedness_score",
    "value_score",
    "ceiling_score",
    "own_team_attack",
    "own_team_defense_weakness",
    "opp_attack_strength",
    "opp_defense_weakness",
    "price_m",
    "is_home",
    "xgi_last5",
    "pts_last5",
    "mins_last5",
    "is_gkp",
    "is_def",
    "is_mid",
    "is_fwd",
    "fixture_x_form",
    "fixture_x_nailed",
    "form_x_nailed"
  ],
  "score_features": [
    "fixture_score",
    "form_score_xg",
    "form_score_pts",
    "nailedness_score",
    "value_score",
    "ceiling_score"
  ],
  "target": "points",
  "test_results": {
    "Ridge": {
      "MAE": 1.0758147581824673,
      "RMSE": 2.0547254510843422,
      "R2": 0.30277589149277506,
      "Spearman": 0.7164246389581819
    },
    "RandomForest": {
      "MAE": 1.0463811360839992,
      "RMSE": 2.0699172935278476,
      "R2": 0.2924277685294875,
      "Spearman": 0.7175520369083309
    },
    "XGBoost": {
      "MAE": 1.0863404273986816,
      "RMSE": 2.128452301623615,
      "R2": 0.2518432140350342,
      "Spearman": 0.6973356308870138
    },
    "LightGBM": {
      "MAE": 1.0827667625970203,
      "RMSE": 2.1165103580256437,
      "R2": 0.2602148806675655,
      "Spearman": 0.7025968269007434
    },
    "Ensemble": {
      "MAE": 1.0602549992741825,
      "RMSE": 2.0733415021039683,
      "R2": 0.2900847967023109,
      "Spearman": 0.7158130964280344
    }
  },
  "v1_comparison": {
    "v1_mae": 2.19,
    "v2_mae": 1.0602549992741825,
    "mae_improvement_pct": -51.586529713507645,
    "v1_r2": -0.026,
    "v2_r2": 0.2900847967023109
  }
}